,Translate Name,Movie Name,Download
0,机密同盟2(台)/共助2：国际化/秘密任务2：International (港)/Confidential Assignment 2: International/Confidential Assignment 2,&#44277;&#51312;2:&#51064;&#53552;&#45236;&#49492;&#45216;,magnet:?xt=urn:btih:5a02a459da49c9422c8e28b5037b1627c262e7bf&dn=[电影天堂www.dytt89.com]共助2：国际-2022_BD韩语中字.mp4&tr=http://t.t789.me:2710/announce&tr=http://t.t789.co:2710/announce&tr=http://t.t789.vip:2710/announce
1,魔龙王国(港)/寻龙使者：拉雅(台)/瑞亚和最后一条龙/拉雅和最后的龙,Raya and The Last Dragon,magnet:?xt=urn:btih:10c79474994f957a8eca37ad382cf95ea5330b72&dn=[电影天堂www.dytt89.com]寻龙传说-2021_蓝光国英双语双字.mp4&tr=http://t.t789.me:2710/announce&tr=http://t.t789.co:2710/announce&tr=http://t.t789.vip:2710/announce
2,扫黑行动之临界点/The Tipping Point,扫黑行动,magnet:?xt=urn:btih:ec2924161e5f2b47a3be8756feab15cde5db6655&dn=[电影天堂www.dytt89.com]扫黑行动-2022_HD国语中字.mp4&tr=http://t.t789.me:2710/announce&tr=http://t.t789.co:2710/announce&tr=http://t.t789.vip:2710/announce
3,利刃出鞘2：抽丝剥茧/玻璃洋葱：利刃出鞘疑案/锋回路转：抽丝剥茧(台)/神探白朗2：抽丝剥茧(港)/峰回路转2/Knives Out&lrm; 2/Glass Onion,Glass Onion: A Knives Out Mystery,magnet:?xt=urn:btih:e20337feb0817cedbdf0bde69d946f59ce89589d&dn=[电影天堂www.dytt89.com]利刃出鞘2-2022_BD中英双字.mp4&tr=http://t.t789.me:2710/announce&tr=http://t.t789.co:2710/announce&tr=http://t.t789.vip:2710/announce
4,一路瞳行/一路同行/Sunshine of My Life,我的非凡父母,magnet:?xt=urn:btih:d094f5086a057a0a2cfa5ad4899ecaa6afac2b69&dn=[电影天堂www.dytt89.com]我的非凡父母-2022_HD国语中字.mp4&tr=http://t.t789.me:2710/announce&tr=http://t.t789.co:2710/announce&tr=http://t.t789.vip:2710/announce
5,翻译官/Home Coming,万里归途,magnet:?xt=urn:btih:ed41ce125dde91d19896fa655da92aff43bf8ee6&dn=[电影天堂www.dytt89.com]万里归途-2022_HD国语中字.mp4&tr=http://t.t789.me:2710/announce&tr=http://t.t789.co:2710/announce&tr=http://t.t789.vip:2710/announce
6,熊出没大电影8/Boonie Bears：Back to Earth,熊出没&middot;重返地球,magnet:?xt=urn:btih:100f0e1550c7aa11f2d510232ce804f818ae9a0e&dn=[电影天堂www.dytt89.com]熊出没・重返地球-2022_BD国语中字.mp4&tr=http://t.t789.me:2710/announce&tr=http://t.t789.co:2710/announce&tr=http://t.t789.vip:2710/announce
7,矛盾战争/Warriors of Future,明日�鹩�,magnet:?xt=urn:btih:d04fe3087f219879b2561839ddfe7cfbf1dcf313&dn=[电影天堂www.dytt89.com]明日战记-2022_HD粤语中字.mp4&tr=http://t.t789.me:2710/announce&tr=http://t.t789.co:2710/announce&tr=http://t.t789.vip:2710/announce
8,小伍&middot;哥/小伍哥/你好，妈/Give Me Five/Xiao Wu Ge,哥，你好,magnet:?xt=urn:btih:21e2be538bbf0334d00183f2924403a91a3728d9&dn=[电影天堂www.dytt89.com]哥，你好-2022_HD国语中字.mp4&tr=http://t.t789.me:2710/announce&tr=http://t.t789.co:2710/announce&tr=http://t.t789.vip:2710/announce
9,霹雳亚当/黑����(港/台),Black Adam,magnet:?xt=urn:btih:293526711ccf15866eac68332e44d7ff21ace88b&dn=[电影天堂www.dytt89.com]黑亚当-2022_BD中英双字.mp4&tr=http://t.t789.me:2710/announce&tr=http://t.t789.co:2710/announce&tr=http://t.t789.vip:2710/announce
10,平凡的英雄/中国英雄/Ordinary Hero,平凡英雄,magnet:?xt=urn:btih:9a6f0ad3c62f5b169ef836e373815a475ff6da0a&dn=[电影天堂www.dytt89.com]平凡英雄-2022_HD国语中字.mp4&tr=http://t.t789.me:2710/announce&tr=http://t.t789.co:2710/announce&tr=http://t.t789.vip:2710/announce
11,曼哈顿奇缘2/魔法奇缘2：再见魔法(港)/解除魔法/曼哈顿奇缘2：幸福真谛(台)/Enchanted 2,Disenchanted,magnet:?xt=urn:btih:f49d0c18a08efb895f3307b94736b706f197ab15&dn=[电影天堂www.dytt89.com]魔法奇缘2：解除魔法-2022_HD中英双字.mp4&tr=http://t.t789.me:2710/announce&tr=http://t.t789.co:2710/announce&tr=http://t.t789.vip:2710/announce
12,Detective VS. Sleuths/Cold Detective,神探大��,magnet:?xt=urn:btih:ee8fa64925049ad4434c416ed06d6c2e469d744c&dn=[电影天堂www.dytt89.com]神探大战-2022_4K国语中字.mp4&tr=http://t.t789.me:2710/announce&tr=http://t.t789.co:2710/announce&tr=http://t.t789.vip:2710/announce
13,极地救援/极地搜救/极地营救/Come Back Home,搜救,magnet:?xt=urn:btih:e0b3da00b0f7d91c444855277a62e1dfe42f9550&dn=[电影天堂www.dytt89.com]搜救-2022_HD国语中英双字.mp4&tr=http://t.t789.me:2710/announce&tr=http://t.t789.co:2710/announce&tr=http://t.t789.vip:2710/announce
14,救护车/劫命救护(台)/十字冲锋车(港),Ambulance,magnet:?xt=urn:btih:3ee4b5755bbf842ed4fdc66f4ec3a8cf5dba6efe&dn=[电影天堂www.dytt89.com]亡命救护车-2022_蓝光中英双字.mp4&tr=http://t.t789.me:2710/announce&tr=http://t.t789.co:2710/announce&tr=http://t.t789.vip:2710/announce
